{
    "task_list": [
        {
            "nachanon": [
                {
                    "Taskname": "Hello Papa",
                    "Note": "hug papa",
                    "Date": "1/16/22",
                    "Complete": false
                },
                {
                    "Taskname": "eat",
                    "Note": "aroi",
                    "Date": "1/16/22",
                    "Complete": false
                },
                {
                    "Taskname": "ad",
                    "Note": "da",
                    "Date": "1/16/22",
                    "Complete": false
                },
                {
                    "Taskname": "dh",
                    "Note": "dh",
                    "Date": "1/16/22",
                    "Complete": false
                }
            ]
        },
        {
            "1923": []
        },
        {
            "1": [
                {
                    "Taskname": "haii",
                    "Note": "uuuu",
                    "Date": "1/16/22",
                    "Complete": false
                }
            ]
        },
        {
            "new": []
        },
        {
            "hello": []
        }
    ],
    "complete_task": [
        {
            "nachanon": [
                {
                    "Taskname": "awdwa",
                    "Note": "feggg",
                    "Date": "1/16/22",
                    "Complete": true
                },
                {
                    "Taskname": "w",
                    "Note": "t",
                    "Date": "1/16/22",
                    "Complete": true
                },
                {
                    "Taskname": "e",
                    "Note": "e",
                    "Date": "1/16/22",
                    "Complete": true
                },
                {
                    "Taskname": "wwww",
                    "Note": "ww",
                    "Date": "1/16/22",
                    "Complete": true
                },
                {
                    "Taskname": "daww",
                    "Note": "afafwa",
                    "Date": "1/16/22",
                    "Complete": true
                },
                {
                    "Taskname": "awdawd",
                    "Note": "weqweqeq",
                    "Date": "1/16/22",
                    "Complete": true
                },
                {
                    "Taskname": "wwwwwwwwwwww",
                    "Note": "eeeeeeeeeeeeeeee",
                    "Date": "1/16/22",
                    "Complete": true
                },
                {
                    "Taskname": "w",
                    "Note": "w",
                    "Date": "1/16/22",
                    "Complete": true
                },
                {
                    "Taskname": "123",
                    "Note": "321",
                    "Date": "2/16/22",
                    "Complete": true
                },
                {
                    "Taskname": "313",
                    "Note": "314",
                    "Date": "1/16/22",
                    "Complete": true
                },
                {
                    "Taskname": "wadwadwada",
                    "Note": "awdwadawdwadwawa",
                    "Date": "1/16/22",
                    "Complete": true
                },
                {
                    "Taskname": "3232",
                    "Note": "rwerwe",
                    "Date": "1/14/22",
                    "Complete": true
                }
            ]
        },
        {
            "1923": []
        },
        {
            "1": [
                {
                    "Taskname": "2",
                    "Note": "3",
                    "Date": "1/20/22",
                    "Complete": true
                },
                {
                    "Taskname": "1w",
                    "Note": "2e",
                    "Date": "1/16/22",
                    "Complete": true
                },
                {
                    "Taskname": "333",
                    "Note": "4444",
                    "Date": "2/4/22",
                    "Complete": true
                },
                {
                    "Taskname": "olo",
                    "Note": "wdawa",
                    "Date": "1/3/22",
                    "Complete": true
                },
                {
                    "Taskname": "w",
                    "Note": "e",
                    "Date": "1/16/22",
                    "Complete": true
                },
                {
                    "Taskname": " me",
                    "Note": "hi you",
                    "Date": "2/8/22",
                    "Complete": true
                },
                {
                    "Taskname": "w",
                    "Note": "e",
                    "Date": "1/16/22",
                    "Complete": true
                },
                {
                    "Taskname": "w",
                    "Note": "w",
                    "Date": "1/16/22",
                    "Complete": true
                },
                {
                    "Taskname": "4",
                    "Note": "4",
                    "Date": "1/16/22",
                    "Complete": true
                },
                {
                    "Taskname": "5",
                    "Note": "5",
                    "Date": "1/22/22",
                    "Complete": true
                },
                {
                    "Taskname": "y",
                    "Note": "y",
                    "Date": "1/16/22",
                    "Complete": true
                },
                {
                    "Taskname": "o",
                    "Note": "o",
                    "Date": "1/16/22",
                    "Complete": true
                },
                {
                    "Taskname": "f",
                    "Note": "f",
                    "Date": "1/16/22",
                    "Complete": true
                }
            ]
        },
        {
            "new": []
        },
        {
            "hello": [
                {
                    "Taskname": "33",
                    "Note": "123444",
                    "Date": "1/12/22",
                    "Complete": true
                }
            ]
        }
    ]
}